<?xml version="1.0"?>
<doc>
    <assembly>
        <name>ITS.Propagation.ITM</name>
    </assembly>
    <members>
        <member name="T:ITS.Propagation.ITM">
            <summary>
            The Irregular Terrain Model (ITM)
            </summary>
            <summary>
            The Irregular Terrain Model (ITM)
            </summary>
            <summary>
            The Irregular Terrain Model (ITM)
            </summary>
        </member>
        <member name="T:ITS.Propagation.ITM.Polarization">
            <summary>
            Polarization
            </summary>
        </member>
        <member name="F:ITS.Propagation.ITM.Polarization.Horizontal">
            <summary>
            Horizontal Polarization
            </summary>
        </member>
        <member name="F:ITS.Propagation.ITM.Polarization.Vertical">
            <summary>
            Vertical Polarization
            </summary>
        </member>
        <member name="T:ITS.Propagation.ITM.Climate">
            <summary>
            ITM Radio Climate
            </summary>
        </member>
        <member name="F:ITS.Propagation.ITM.Climate.Equatorial">
            <summary>
            Equatorial
            </summary>
        </member>
        <member name="F:ITS.Propagation.ITM.Climate.ContinentalSubtropical">
            <summary>
            Continental Subtropical
            </summary>
        </member>
        <member name="F:ITS.Propagation.ITM.Climate.MaritimeSubtropical">
            <summary>
            Maritime Subtropical
            </summary>
        </member>
        <member name="F:ITS.Propagation.ITM.Climate.Desert">
            <summary>
            Desert
            </summary>
        </member>
        <member name="F:ITS.Propagation.ITM.Climate.ContinentalTemperate">
            <summary>
            Continetal Temperate
            </summary>
        </member>
        <member name="F:ITS.Propagation.ITM.Climate.MaritimeTemperateOverLand">
            <summary>
            Maritime Temperate over Land
            </summary>
        </member>
        <member name="F:ITS.Propagation.ITM.Climate.MaritimeTemperateOverSea">
            <summary>
            Maritime Temperate over Sea
            </summary>
        </member>
        <member name="T:ITS.Propagation.ITM.Warnings">
            <summary>
            ITM Warning Flags
            </summary>
        </member>
        <member name="F:ITS.Propagation.ITM.Warnings.NoWarnings">
            <summary>
            No warnings
            </summary>
        </member>
        <member name="F:ITS.Propagation.ITM.Warnings.TxTerminalHeight">
            <summary>
            TX terminal height is near its limits
            </summary>
        </member>
        <member name="F:ITS.Propagation.ITM.Warnings.RxTerminalHeight">
            <summary>
            RX terminal height is near its limits
            </summary>
        </member>
        <member name="F:ITS.Propagation.ITM.Warnings.Frequency">
            <summary>
            Frequency is near its limits
            </summary>
        </member>
        <member name="F:ITS.Propagation.ITM.Warnings.PathDistanceTooBig1">
            <summary>
            Path distance is near its upper limit
            </summary>
        </member>
        <member name="F:ITS.Propagation.ITM.Warnings.PathDistanceTooBig2">
            <summary>
            Path distance is large - care must be taken with result
            </summary>
        </member>
        <member name="F:ITS.Propagation.ITM.Warnings.PathDistanceTooSmall1">
            <summary>
            Path distance is near its lower limit
            </summary>
        </member>
        <member name="F:ITS.Propagation.ITM.Warnings.PathDistanceTooSmall2">
            <summary>
            Path distance is small - care must be taken with result
            </summary>
        </member>
        <member name="F:ITS.Propagation.ITM.Warnings.TxHorizonAngle">
            <summary>
            TX horizon angle is large - small angle approximations could break down
            </summary>
        </member>
        <member name="F:ITS.Propagation.ITM.Warnings.RxHorizonAngle">
            <summary>
            RX horizon angle is large - small angle approximations could break down
            </summary>
        </member>
        <member name="F:ITS.Propagation.ITM.Warnings.TxHorizonDistance1">
            <summary>
            TX horizon distance is less than 1/10 of the smooth earth horizon distance
            </summary>
        </member>
        <member name="F:ITS.Propagation.ITM.Warnings.RxHorizonDistance1">
            <summary>
            RX horizon distance is less than 1/10 of the smooth earth horizon distance
            </summary>
        </member>
        <member name="F:ITS.Propagation.ITM.Warnings.TxHorizonDistance2">
            <summary>
            TX horizon distance is greater than 3 times the smooth earth horizon distance
            </summary>
        </member>
        <member name="F:ITS.Propagation.ITM.Warnings.RxHorizonDistance2">
            <summary>
            RX horizon distance is greater than 3 times the smooth earth horizon distance
            </summary>
        </member>
        <member name="F:ITS.Propagation.ITM.Warnings.ExtremeVariabilities">
            <summary>
            One of the provided variabilities is located far in the tail of its distribution
            </summary>
        </member>
        <member name="T:ITS.Propagation.ITM.SitingCriteria">
            <summary>
            Terminal Siting Criteria
            </summary>
        </member>
        <member name="F:ITS.Propagation.ITM.SitingCriteria.Random">
            <summary>
            Random
            </summary>
        </member>
        <member name="F:ITS.Propagation.ITM.SitingCriteria.Careful">
            <summary>
            Careful
            </summary>
        </member>
        <member name="F:ITS.Propagation.ITM.SitingCriteria.VeryCareful">
            <summary>
            Very careful
            </summary>
        </member>
        <member name="T:ITS.Propagation.ITM.ModeOfPropagation">
            <summary>
            The Mode of Propagation
            </summary>
        </member>
        <member name="F:ITS.Propagation.ITM.ModeOfPropagation.NotSet">
            <summary>
            Not Set
            </summary>
        </member>
        <member name="F:ITS.Propagation.ITM.ModeOfPropagation.LineOfSight">
            <summary>
            Line of Sight
            </summary>
        </member>
        <member name="F:ITS.Propagation.ITM.ModeOfPropagation.Diffraction">
            <summary>
            Diffraction
            </summary>
        </member>
        <member name="F:ITS.Propagation.ITM.ModeOfPropagation.Troposcatter">
            <summary>
            Troposcatter
            </summary>
        </member>
        <member name="M:ITS.Propagation.ITM.ITM_P2P_TLS(System.Double,System.Double,System.Double[],System.Int32,System.Double,System.Double,System.Int32,System.Double,System.Double,System.Int32,System.Double,System.Double,System.Double,System.Double@,System.Int64@)">
            <summary>
            Point-to-point mode functionality, with variability specified with time/location/situation (TLS)
            </summary>
            <param name="h_tx__meter">Structural height of the TX, in meters</param>
            <param name="h_rx__meter">Structural height of the RX, in meters</param>
            <param name="pfl">Terrain data, in PFL format</param>
            <param name="climate">Radio climate</param>
            <param name="N_0">Refractivity, in N-Units</param>
            <param name="f__mhz">Frequency, in MHz</param>
            <param name="pol">Polarization</param>
            <param name="epsilon">Relative permittivity</param>
            <param name="sigma">Conductivity</param>
            <param name="mdvar">Mode of variability</param>
            <param name="time">Time percentage</param>
            <param name="location">Location percentage</param>
            <param name="situation">Situation percentage</param>
            <param name="A__db">Basic transmission loss, in dB</param>
            <param name="warnings">Warning flags</param>
            <returns>Error code</returns>
        </member>
        <member name="M:ITS.Propagation.ITM.ITM_P2P_TLS_Ex(System.Double,System.Double,System.Double[],System.Int32,System.Double,System.Double,System.Int32,System.Double,System.Double,System.Int32,System.Double,System.Double,System.Double,System.Double@,System.Int64@,ITS.Propagation.ITM.IntermediateValues@)">
            <summary>
            Point-to-point mode functionality, with variability specified with time/location/situation (TLS)
            </summary>
            <param name="h_tx__meter">Structural height of the TX, in meters</param>
            <param name="h_rx__meter">Structural height of the RX, in meters</param>
            <param name="pfl">Terrain data, in PFL format</param>
            <param name="climate">Radio climate</param>
            <param name="N_0">Refractivity, in N-Units</param>
            <param name="f__mhz">Frequency, in MHz</param>
            <param name="pol">Polarization</param>
            <param name="epsilon">Relative permittivity</param>
            <param name="sigma">Conductivity</param>
            <param name="mdvar">Mode of variability</param>
            <param name="time">Time percentage</param>
            <param name="location">Location percentage</param>
            <param name="situation">Situation percentage</param>
            <param name="A__db">Basic transmission loss, in dB</param>
            <param name="warnings">Warning flags</param>
            <param name="interValues">Struct of intermediate values</param>
            <returns>Error code</returns>
        </member>
        <member name="M:ITS.Propagation.ITM.ITM_P2P_TLS(System.Double,System.Double,System.Double[],ITS.Propagation.ITM.Climate,System.Double,System.Double,ITS.Propagation.ITM.Polarization,System.Double,System.Double,System.Int32,System.Double,System.Double,System.Double,System.Double@,ITS.Propagation.ITM.Warnings@)">
            <summary>
            Point-to-point mode functionality, with variability specified with time/location/situation (TLS)
            </summary>
            <param name="h_tx__meter">Structural height of the TX, in meters</param>
            <param name="h_rx__meter">Structural height of the RX, in meters</param>
            <param name="pfl">Terrain data, in PFL format</param>
            <param name="climate">Radio climate</param>
            <param name="N_0">Refractivity, in N-Units</param>
            <param name="f__mhz">Frequency, in MHz</param>
            <param name="pol">Polarization</param>
            <param name="epsilon">Relative permittivity</param>
            <param name="sigma">Conductivity</param>
            <param name="mdvar">Mode of variability</param>
            <param name="time">Time percentage</param>
            <param name="location">Location percentage</param>
            <param name="situation">Situation percentage</param>
            <param name="A__db">Basic transmission loss, in dB</param>
            <param name="warnings">Warning flags</param>
            <returns>Error code</returns>
        </member>
        <member name="M:ITS.Propagation.ITM.ITM_P2P_TLS_Ex(System.Double,System.Double,System.Double[],ITS.Propagation.ITM.Climate,System.Double,System.Double,ITS.Propagation.ITM.Polarization,System.Double,System.Double,System.Int32,System.Double,System.Double,System.Double,System.Double@,ITS.Propagation.ITM.Warnings@,ITS.Propagation.ITM.IntermediateValues@)">
            <summary>
            Point-to-point mode functionality, with variability specified with time/location/situation (TLS)
            </summary>
            <param name="h_tx__meter">Structural height of the TX, in meters</param>
            <param name="h_rx__meter">Structural height of the RX, in meters</param>
            <param name="pfl">Terrain data, in PFL format</param>
            <param name="climate">Radio climate</param>
            <param name="N_0">Refractivity, in N-Units</param>
            <param name="f__mhz">Frequency, in MHz</param>
            <param name="pol">Polarization</param>
            <param name="epsilon">Relative permittivity</param>
            <param name="sigma">Conductivity</param>
            <param name="mdvar">Mode of variability</param>
            <param name="time">Time percentage</param>
            <param name="location">Location percentage</param>
            <param name="situation">Situation percentage</param>
            <param name="A__db">Basic transmission loss, in dB</param>
            <param name="warnings">Warning flags</param>
            <param name="interValues">Struct of intermediate values</param>
            <returns>Error code</returns>
        </member>
        <member name="M:ITS.Propagation.ITM.ITM_P2P_CR(System.Double,System.Double,System.Double[],System.Int32,System.Double,System.Double,System.Int32,System.Double,System.Double,System.Int32,System.Double,System.Double,System.Double@,System.Int64@)">
            <summary>
            Point-to-point mode functionality, with variability specified with confidence/reliability (CR)
            </summary>
            <param name="h_tx__meter">Structural height of the TX, in meters</param>
            <param name="h_rx__meter">Structural height of the RX, in meters</param>
            <param name="pfl">Terrain data, in PFL format</param>
            <param name="climate">Radio climate</param>
            <param name="N_0">Refractivity, in N-Units</param>
            <param name="f__mhz">Frequency, in MHz</param>
            <param name="pol">Polarization</param>
            <param name="epsilon">Relative permittivity</param>
            <param name="sigma">Conductivity</param>
            <param name="mdvar">Mode of variability</param>
            <param name="confidence">Confidence percentage</param>
            <param name="reliability">Reliability percentage</param>
            <param name="A__db">Basic transmission loss, in dB</param>
            <param name="warnings">Warning flags</param>
            <returns>Error code</returns>
        </member>
        <member name="M:ITS.Propagation.ITM.ITM_P2P_CR_Ex(System.Double,System.Double,System.Double[],System.Int32,System.Double,System.Double,System.Int32,System.Double,System.Double,System.Int32,System.Double,System.Double,System.Double@,System.Int64@,ITS.Propagation.ITM.IntermediateValues@)">
            <summary>
            Point-to-point mode functionality, with variability specified with confidence/reliability (CR)
            </summary>
            <param name="h_tx__meter">Structural height of the TX, in meters</param>
            <param name="h_rx__meter">Structural height of the RX, in meters</param>
            <param name="pfl">Terrain data, in PFL format</param>
            <param name="climate">Radio climate</param>
            <param name="N_0">Refractivity, in N-Units</param>
            <param name="f__mhz">Frequency, in MHz</param>
            <param name="pol">Polarization</param>
            <param name="epsilon">Relative permittivity</param>
            <param name="sigma">Conductivity</param>
            <param name="mdvar">Mode of variability</param>
            <param name="confidence">Confidence percentage</param>
            <param name="reliability">Reliability percentage</param>
            <param name="A__db">Basic transmission loss, in dB</param>
            <param name="warnings">Warning flags</param>
            <param name="interValues">Struct of intermediate values</param>
            <returns>Error code</returns>
        </member>
        <member name="M:ITS.Propagation.ITM.ITM_P2P_CR(System.Double,System.Double,System.Double[],ITS.Propagation.ITM.Climate,System.Double,System.Double,ITS.Propagation.ITM.Polarization,System.Double,System.Double,System.Int32,System.Double,System.Double,System.Double@,ITS.Propagation.ITM.Warnings@)">
            <summary>
            Point-to-point mode functionality, with variability specified with confidence/reliability (CR)
            </summary>
            <param name="h_tx__meter">Structural height of the TX, in meters</param>
            <param name="h_rx__meter">Structural height of the RX, in meters</param>
            <param name="pfl">Terrain data, in PFL format</param>
            <param name="climate">Radio climate</param>
            <param name="N_0">Refractivity, in N-Units</param>
            <param name="f__mhz">Frequency, in MHz</param>
            <param name="pol">Polarization</param>
            <param name="epsilon">Relative permittivity</param>
            <param name="sigma">Conductivity</param>
            <param name="mdvar">Mode of variability</param>
            <param name="confidence">Confidence percentage</param>
            <param name="reliability">Reliability percentage</param>
            <param name="A__db">Basic transmission loss, in dB</param>
            <param name="warnings">Warning flags</param>
            <returns>Error code</returns>
        </member>
        <member name="M:ITS.Propagation.ITM.ITM_P2P_CR_Ex(System.Double,System.Double,System.Double[],ITS.Propagation.ITM.Climate,System.Double,System.Double,ITS.Propagation.ITM.Polarization,System.Double,System.Double,System.Int32,System.Double,System.Double,System.Double@,ITS.Propagation.ITM.Warnings@,ITS.Propagation.ITM.IntermediateValues@)">
            <summary>
            Point-to-point mode functionality, with variability specified with confidence/reliability (CR)
            </summary>
            <param name="h_tx__meter">Structural height of the TX, in meters</param>
            <param name="h_rx__meter">Structural height of the RX, in meters</param>
            <param name="pfl">Terrain data, in PFL format</param>
            <param name="climate">Radio climate</param>
            <param name="N_0">Refractivity, in N-Units</param>
            <param name="f__mhz">Frequency, in MHz</param>
            <param name="pol">Polarization</param>
            <param name="epsilon">Relative permittivity</param>
            <param name="sigma">Conductivity</param>
            <param name="mdvar">Mode of variability</param>
            <param name="confidence">Confidence percentage</param>
            <param name="reliability">Reliability percentage</param>
            <param name="A__db">Basic transmission loss, in dB</param>
            <param name="warnings">Warning flags</param>
            <param name="interValues">Struct of intermediate values</param>
            <returns>Error code</returns>
        </member>
        <member name="M:ITS.Propagation.ITM.ITM_AREA_TLS(System.Double,System.Double,System.Int32,System.Int32,System.Double,System.Double,System.Int32,System.Double,System.Double,System.Int32,System.Double,System.Double,System.Int32,System.Double,System.Double,System.Double,System.Double@,System.Int64@)">
            <summary>
            Area mode functionality
            </summary>
            <param name="h_tx__meter">Structural height of the TX, in meters</param>
            <param name="h_rx__meter">Structural height of the RX, in meters</param>
            <param name="tx_site_criteria">Siting criteria of the TX</param>
            <param name="rx_site_criteria">Siting criteria of the RX</param>
            <param name="d__km">Path distance, in km</param>
            <param name="delta_h__meter">Terrain irregularity parameter</param>
            <param name="climate">Radio climate</param>
            <param name="N_0">Refractivity, in N-Units</param>
            <param name="f__mhz">Frequency, in MHz</param>
            <param name="pol">Polarization</param>
            <param name="epsilon">Relative permittivity</param>
            <param name="sigma">Conductivity</param>
            <param name="mdvar">Mode of variability</param>
            <param name="time">Time percentage</param>
            <param name="location">Location percentage</param>
            <param name="situation">Situation percentage</param>
            <param name="A__db">Basic transmission loss, in dB</param>
            <param name="warnings">Warning flags</param>
            <returns>Error code</returns>
        </member>
        <member name="M:ITS.Propagation.ITM.ITM_AREA_TLS(System.Double,System.Double,ITS.Propagation.ITM.SitingCriteria,ITS.Propagation.ITM.SitingCriteria,System.Double,System.Double,ITS.Propagation.ITM.Climate,System.Double,System.Double,ITS.Propagation.ITM.Polarization,System.Double,System.Double,System.Int32,System.Double,System.Double,System.Double,System.Double@,ITS.Propagation.ITM.Warnings@)">
            <summary>
            Area mode functionality
            </summary>
            <param name="h_tx__meter">Structural height of the TX, in meters</param>
            <param name="h_rx__meter">Structural height of the RX, in meters</param>
            <param name="tx_site_criteria">Siting criteria of the TX</param>
            <param name="rx_site_criteria">Siting criteria of the RX</param>
            <param name="d__km">Path distance, in km</param>
            <param name="delta_h__meter">Terrain irregularity parameter</param>
            <param name="climate">Radio climate</param>
            <param name="N_0">Refractivity, in N-Units</param>
            <param name="f__mhz">Frequency, in MHz</param>
            <param name="pol">Polarization</param>
            <param name="epsilon">Relative permittivity</param>
            <param name="sigma">Conductivity</param>
            <param name="mdvar">Mode of variability</param>
            <param name="time">Time percentage</param>
            <param name="location">Location percentage</param>
            <param name="situation">Situation percentage</param>
            <param name="A__db">Basic transmission loss, in dB</param>
            <param name="warnings">Warning flags</param>
            <returns>Error code</returns>
        </member>
        <member name="M:ITS.Propagation.ITM.ITM_AREA_TLS_Ex(System.Double,System.Double,System.Int32,System.Int32,System.Double,System.Double,System.Int32,System.Double,System.Double,System.Int32,System.Double,System.Double,System.Int32,System.Double,System.Double,System.Double,System.Double@,System.Int64@,ITS.Propagation.ITM.IntermediateValues@)">
            <summary>
            Area mode functionality
            </summary>
            <param name="h_tx__meter">Structural height of the TX, in meters</param>
            <param name="h_rx__meter">Structural height of the RX, in meters</param>
            <param name="tx_site_criteria">Siting criteria of the TX</param>
            <param name="rx_site_criteria">Siting criteria of the RX</param>
            <param name="d__km">Path distance, in km</param>
            <param name="delta_h__meter">Terrain irregularity parameter</param>
            <param name="climate">Radio climate</param>
            <param name="N_0">Refractivity, in N-Units</param>
            <param name="f__mhz">Frequency, in MHz</param>
            <param name="pol">Polarization</param>
            <param name="epsilon">Relative permittivity</param>
            <param name="sigma">Conductivity</param>
            <param name="mdvar">Mode of variability</param>
            <param name="time">Time percentage</param>
            <param name="location">Location percentage</param>
            <param name="situation">Situation percentage</param>
            <param name="A__db">Basic transmission loss, in dB</param>
            <param name="warnings">Warning flags</param>
            <param name="interValues">Struct of intermediate values</param>
            <returns>Error code</returns>
        </member>
        <member name="M:ITS.Propagation.ITM.ITM_AREA_TLS_Ex(System.Double,System.Double,ITS.Propagation.ITM.SitingCriteria,ITS.Propagation.ITM.SitingCriteria,System.Double,System.Double,ITS.Propagation.ITM.Climate,System.Double,System.Double,ITS.Propagation.ITM.Polarization,System.Double,System.Double,System.Int32,System.Double,System.Double,System.Double,System.Double@,ITS.Propagation.ITM.Warnings@,ITS.Propagation.ITM.IntermediateValues@)">
            <summary>
            Area mode functionality
            </summary>
            <param name="h_tx__meter">Structural height of the TX, in meters</param>
            <param name="h_rx__meter">Structural height of the RX, in meters</param>
            <param name="tx_site_criteria">Siting criteria of the TX</param>
            <param name="rx_site_criteria">Siting criteria of the RX</param>
            <param name="d__km">Path distance, in km</param>
            <param name="delta_h__meter">Terrain irregularity parameter</param>
            <param name="climate">Radio climate</param>
            <param name="N_0">Refractivity, in N-Units</param>
            <param name="f__mhz">Frequency, in MHz</param>
            <param name="pol">Polarization</param>
            <param name="epsilon">Relative permittivity</param>
            <param name="sigma">Conductivity</param>
            <param name="mdvar">Mode of variability</param>
            <param name="time">Time percentage</param>
            <param name="location">Location percentage</param>
            <param name="situation">Situation percentage</param>
            <param name="A__db">Basic transmission loss, in dB</param>
            <param name="warnings">Warning flags</param>
            <param name="interValues">Struct of intermediate values</param>
            <returns>Error code</returns>
        </member>
        <member name="M:ITS.Propagation.ITM.ITM_AREA_CR(System.Double,System.Double,System.Int32,System.Int32,System.Double,System.Double,System.Int32,System.Double,System.Double,System.Int32,System.Double,System.Double,System.Int32,System.Double,System.Double,System.Double@,System.Int64@)">
            <summary>
            Area mode functionality
            </summary>
            <param name="h_tx__meter">Structural height of the TX, in meters</param>
            <param name="h_rx__meter">Structural height of the RX, in meters</param>
            <param name="tx_site_criteria">Siting criteria of the TX</param>
            <param name="rx_site_criteria">Siting criteria of the RX</param>
            <param name="d__km">Path distance, in km</param>
            <param name="delta_h__meter">Terrain irregularity parameter</param>
            <param name="climate">Radio climate</param>
            <param name="N_0">Refractivity, in N-Units</param>
            <param name="f__mhz">Frequency, in MHz</param>
            <param name="pol">Polarization</param>
            <param name="epsilon">Relative permittivity</param>
            <param name="sigma">Conductivity</param>
            <param name="mdvar">Mode of variability</param>
            <param name="confidence">Confidence percentage</param>
            <param name="reliability">Reliability percentage</param>
            <param name="A__db">Basic transmission loss, in dB</param>
            <param name="warnings">Warning flags</param>
            <returns>Error code</returns>
        </member>
        <member name="M:ITS.Propagation.ITM.ITM_AREA_CR(System.Double,System.Double,ITS.Propagation.ITM.SitingCriteria,ITS.Propagation.ITM.SitingCriteria,System.Double,System.Double,ITS.Propagation.ITM.Climate,System.Double,System.Double,ITS.Propagation.ITM.Polarization,System.Double,System.Double,System.Int32,System.Double,System.Double,System.Double@,ITS.Propagation.ITM.Warnings@)">
            <summary>
            Area mode functionality
            </summary>
            <param name="h_tx__meter">Structural height of the TX, in meters</param>
            <param name="h_rx__meter">Structural height of the RX, in meters</param>
            <param name="tx_site_criteria">Siting criteria of the TX</param>
            <param name="rx_site_criteria">Siting criteria of the RX</param>
            <param name="d__km">Path distance, in km</param>
            <param name="delta_h__meter">Terrain irregularity parameter</param>
            <param name="climate">Radio climate</param>
            <param name="N_0">Refractivity, in N-Units</param>
            <param name="f__mhz">Frequency, in MHz</param>
            <param name="pol">Polarization</param>
            <param name="epsilon">Relative permittivity</param>
            <param name="sigma">Conductivity</param>
            <param name="mdvar">Mode of variability</param>
            <param name="confidence">Confidence percentage</param>
            <param name="reliability">Reliability percentage</param>
            <param name="A__db">Basic transmission loss, in dB</param>
            <param name="warnings">Warning flags</param>
            <returns>Error code</returns>
        </member>
        <member name="M:ITS.Propagation.ITM.ITM_AREA_CR_Ex(System.Double,System.Double,System.Int32,System.Int32,System.Double,System.Double,System.Int32,System.Double,System.Double,System.Int32,System.Double,System.Double,System.Int32,System.Double,System.Double,System.Double@,System.Int64@,ITS.Propagation.ITM.IntermediateValues@)">
            <summary>
            Area mode functionality
            </summary>
            <param name="h_tx__meter">Structural height of the TX, in meters</param>
            <param name="h_rx__meter">Structural height of the RX, in meters</param>
            <param name="tx_site_criteria">Siting criteria of the TX</param>
            <param name="rx_site_criteria">Siting criteria of the RX</param>
            <param name="d__km">Path distance, in km</param>
            <param name="delta_h__meter">Terrain irregularity parameter</param>
            <param name="climate">Radio climate</param>
            <param name="N_0">Refractivity, in N-Units</param>
            <param name="f__mhz">Frequency, in MHz</param>
            <param name="pol">Polarization</param>
            <param name="epsilon">Relative permittivity</param>
            <param name="sigma">Conductivity</param>
            <param name="mdvar">Mode of variability</param>
            <param name="confidence">Confidence percentage</param>
            <param name="reliability">Reliability percentage</param>
            <param name="A__db">Basic transmission loss, in dB</param>
            <param name="warnings">Warning flags</param>
            <param name="interValues">Struct of intermediate values</param>
            <returns>Error code</returns>
        </member>
        <member name="M:ITS.Propagation.ITM.ITM_AREA_CR_Ex(System.Double,System.Double,ITS.Propagation.ITM.SitingCriteria,ITS.Propagation.ITM.SitingCriteria,System.Double,System.Double,ITS.Propagation.ITM.Climate,System.Double,System.Double,ITS.Propagation.ITM.Polarization,System.Double,System.Double,System.Int32,System.Double,System.Double,System.Double@,ITS.Propagation.ITM.Warnings@,ITS.Propagation.ITM.IntermediateValues@)">
            <summary>
            Area mode functionality
            </summary>
            <param name="h_tx__meter">Structural height of the TX, in meters</param>
            <param name="h_rx__meter">Structural height of the RX, in meters</param>
            <param name="tx_site_criteria">Siting criteria of the TX</param>
            <param name="rx_site_criteria">Siting criteria of the RX</param>
            <param name="d__km">Path distance, in km</param>
            <param name="delta_h__meter">Terrain irregularity parameter</param>
            <param name="climate">Radio climate</param>
            <param name="N_0">Refractivity, in N-Units</param>
            <param name="f__mhz">Frequency, in MHz</param>
            <param name="pol">Polarization</param>
            <param name="epsilon">Relative permittivity</param>
            <param name="sigma">Conductivity</param>
            <param name="mdvar">Mode of variability</param>
            <param name="confidence">Confidence percentage</param>
            <param name="reliability">Reliability percentage</param>
            <param name="A__db">Basic transmission loss, in dB</param>
            <param name="warnings">Warning flags</param>
            <param name="interValues">Struct of intermediate values</param>
            <returns>Error code</returns>
        </member>
        <member name="T:ITS.Propagation.ITM.IntermediateValues">
            <summary>
            Intermediate values from ITM
            </summary>
        </member>
        <member name="F:ITS.Propagation.ITM.IntermediateValues.theta_hzn__rad">
            <summary>
            Terminal horizon angles, in radians
            </summary>
        </member>
        <member name="F:ITS.Propagation.ITM.IntermediateValues.d_hzn__meter">
            <summary>
            Terminal horizon distances, in meters
            </summary>
        </member>
        <member name="F:ITS.Propagation.ITM.IntermediateValues.h_e__meter">
            <summary>
            Terminal effective heights, in meters
            </summary>
        </member>
        <member name="F:ITS.Propagation.ITM.IntermediateValues.N_s">
            <summary>
            Surface refractivity, in N-Units
            </summary>
        </member>
        <member name="F:ITS.Propagation.ITM.IntermediateValues.delta_h__meter">
            <summary>
            Terrain irregularity parameter, in meters
            </summary>
        </member>
        <member name="F:ITS.Propagation.ITM.IntermediateValues.A_ref__db">
            <summary>
            Reference attenuation, in dB
            </summary>
        </member>
        <member name="F:ITS.Propagation.ITM.IntermediateValues.A_fs__db">
            <summary>
            Free space basic transmission loss, in dB
            </summary>
        </member>
        <member name="F:ITS.Propagation.ITM.IntermediateValues.d__km">
            <summary>
            Path distance, in km
            </summary>
        </member>
        <member name="F:ITS.Propagation.ITM.IntermediateValues.Mode">
            <summary>
            Mode of propagation
            </summary>
        </member>
    </members>
</doc>
